Name,Age,Email,Password,Address,City,Province,Zip
John Doe,30,john.doe@example.com,password123,24 Sussex Drive,Ottawa,ON,K1M 1M4
Jane Doe,28,jane.doe@example.com,password456,111 Wellington Street,Ottawa,ON,K1A 0A6
Michael Smith,45,michael.smith@example.com,password789,450 Rideau Street,Ottawa,ON,K1N 5Z4
Sarah Jones,35,sarah.jones@example.com,password101,100 Queen Street West,Toronto,ON,M5H 2N2
David Brown,22,david.brown@example.com,password112,360 Bay Street,Toronto,ON,M5H 2V6
Emily Green,50,emily.green@example.com,password131,800 René-Lévesque Boulevard West,Montreal,QC,H3B 1X9
Thomas White,38,thomas.white@example.com,password142,1000 rue de la Gauchetière Ouest,Montreal,QC,H3B 4W5
Jessica Black,29,jessica.black@example.com,password153,1015 rue Sainte-Catherine Ouest,Montreal,QC,H3B 1H5
Kevin Gray,42,kevin.gray@example.com,password164,999 Canada Place,Vancouver,BC,V6C 3E1
Ashley Blue,33,ashley.blue@example.com,password175,1055 West Hastings Street,Vancouver,BC,V6E 2E9
Robert Jones,52,robert.jones@example.com,password186,700 West Georgia Street,Vancouver,BC,V7Y 1B6
Linda Smith,39,linda.smith@example.com,password197,1067 West Cordova Street,Vancouver,BC,V6C 1M3
William Brown,26,william.brown@example.com,password208,1401 West Broadway,Vancouver,BC,V6H 1H6
Mary Davis,41,mary.davis@example.com,password219,1088 Burrard Street,Vancouver,BC,V6Z 2R9
James Wilson,34,james.wilson@example.com,password220,1281 West Georgia Street,Vancouver,BC,V6E 3J7
Jennifer Miller,55,jennifer.miller@example.com,password231,409 Granville Street,Vancouver,BC,V6C 1T2
John Davis,23,john.davis@example.com,password242,609 Granville Street,Vancouver,BC,V7Y 1G5
Lisa Wilson,46,lisa.wilson@example.com,password253,555 West Hastings Street,Vancouver,BC,V6B 4N6
Michael Miller,37,michael.miller@example.com,password264,801 West Georgia Street,Vancouver,BC,V6C 1P7
Sarah Garcia,28,sarah.garcia@example.com,password275,51 E Liberty Street,Toronto,ON,M6k 3P8